<?xml version="1.0"?>
<library>


  <!--
  game.pov.equipped         Current weapon
  game.pov.shield           Current shield   
  game.pov.armour           Current armour
  game.pov.status           Name of the current spell effect
  game.pov.currentspell     Current spell
  
  -->










  <!-- =================================================== -->
  <!-- Turn Script -->


  <turnscript name="attacktheplayerturnscript">
    <enabled />
    <script>
		  // In an ideal world, this would only fire if the player has actually done something.
		  // As it is, a mis-typed command will give monsters the opportunity to strike
      // so we have thisL
      if (game.command_successful) {
        game.pov.turncount = game.pov.turncount + 1
      
        // Anything added to this list will later get removed from the attackers list
        element_struct.forgetme = NewObjectList ()
        
        // Any monsters here that need adding to the list of attacks because they attack on sight?
        foreach (obj, GetDirectChildren (game.pov.parent)) {
          if (DoesInherit(obj, "monster")) {
            do(obj, "initattack")
          }
        }
          
        // Go through each attacker
        foreach (attacker, element_struct.attackers) {
          if (attacker.stunned) {
            if (attacker.parent = game.pov.parent) {
              msg(attacker.alias + " is stunned for a moment, and does not attack.")
            }
            attacker.stunned = false
          }
          else if (attacker.parent = game.pov.parent) {
            do (attacker, "attackplayer")
          }
          else {
            do (attacker, "searchforplayer")
          }
        }
        
        // These are no longer attackers
        foreach (mon, element_struct.forgetme) {
          list remove (element_struct.attackers, mon)
        }
        
        // Check for spell/potion expiring
        if (not HasInt(game.pov, "magiccountdown")) {
          game.pov.magiccountdown = 0
        }
        if (game.pov.magiccountdown > 0) {
          game.pov.magiccountdown = game.pov.magiccountdown - 1
          if (game.pov.magiccountdown = 0) {
            do (game.pov.currentspell, "endmagiceffect")
          }
        }
        
        // Check sneaking
        if (not HasInt(game.pov, "sneaklevel")) {
          game.pov.sneaklevel = 0
        }
        game.pov.sneaklevel = game.pov.sneaklevel - 1
        if (0 > game.pov.sneaklevel) game.pov.sneaklevel = 0
        
        // Some attacks give a bonus to OB next round
        game.pov.ob_bonus = game.pov.next_round_ob_bonus
        game.pov.next_round_ob_bonus = 0
        game.pov.db_bonus = 0
        game.pov.xp = 0
        game.pov.currectattack = null
      }

      else {
        game.command_successful = true
      }
    </script>
  </turnscript>






  <!-- =================================================== -->
  <!-- Built-in objects -->


  <object name="gold_pile_prototype">
    <inherit name="editor_object" />
    <alias>Pile of coins</alias>
    <look type="script">
      msg ("A pile of " + this.count + " coins.")
    </look>
    <count type="int">0</count>
    <take type="script">
      game.pov.gold = game.pov.gold + this.count
      msg("You pick up " + this.count + " coins.")
      this.parent = dead
    </take>
  </object>

  <object name="activepotions">
    <alias>Active potions are held here</alias>
  </object>

  <!--
  Stuff here will hang around for a short time before getting destroyed.
  -->
  <object name="dead">
    <alias>Purgatory</alias>
  </object>


  <object name="spells_known">
    <alias>Spell book</alias>
  </object>
  
  <object name="fists">
    <inherit name="weapon" />
    <alias>Fists</alias>
    <canberusted type="boolean">false</canberusted>
  </object>










  <!-- =================================================== -->
  <!-- General Functions -->

 
  


  <!--
  Call this when a spell is cast or potion drunk, to ensure any on-going spells
  are terminated.
  -->
  <function name="CancelSpell"><![CDATA[
    if (HasObject (game.pov, "currentspell")) {
      msg ("The <i>" + GetDisplayAlias(game.pov.currentspell) + "</i> effect ends.")
      do (game.pov.currentspell, "endmagiceffect")
    }
  ]]></function>
  
  
  
  
  <!--
  Makes the player drop everything (useful for spells and potion that transform the player into
  a form without hand, such as a shade or a wolf).
  Armour is removed, coins are dropped, weapon unequiped, etc.
  !!! magic item effects
  -->
  <function name="DropEverything"><![CDATA[
        if (not game.pov.armourobject = null) {
          game.pov.armourobject.inventoryverbs = Split ("Look at;Drop;Wear;Sell", ";")
          game.pov.armourobject.drop = true
          game.pov.armourobject.listalias = GetDisplayAlias (this)
          game.pov.armourobject = game.pov.parent
          msg ("Your armour falls off you.")
          game.pov.armourobject = null
          game.pov.armour = 0
        }
        pile = CloneObjectAndMove (gold_pile_prototype, game.pov.parent)
        pile.count = game.pov.gold
        game.pov.gold = 0
        msg ("Coins (" + pile.count + "): You drop them.")
        foreach (obj, GetDirectChildren(game.pov)) {
          DoDrop (obj, True)
        }
        game.pov.equipped = fists
        UpdateWeapon
  ]]></function>




  <!--
  This version of DoTake first checks to see if this is a spell and TAKE ALL,
  and skips everything if it is
  -->
  <function name="DoTake" parameters="object, ismultiple"><![CDATA[
    if (not ismultiple or not GetBoolean(object, "skipmultitake")) {
      prefix = ""
      if (ismultiple) {
        prefix = GetDisplayAlias(object) + ": "
      }
      if (object.parent = game.pov) {
        msg (prefix + DynamicTemplate("AlreadyTaken", object))
      }
      else if (not ListContains(ScopeReachable(), object)) {
        msg (prefix + DynamicTemplate("ObjectNotOpen", GetBlockingObject(object)))
      }
      else {
        volume = 0
        continue = true
        foreach (obj, GetAllChildObjects(game.pov)) {
          if (HasInt(obj, "volume")) {
            volume = volume + obj.volume
          }
        }
        if (not Contains(game.pov, object)) {
          volume = volume + GetVolume(object,true)
        }
        if (HasInt(game.pov, "maxvolume")) {
          if (volume > game.pov.maxvolume) {
            continue = false
            if (HasString(game.pov, "containerfullmessage")) {
              message = prefix + game.pov.containerfullmessage
            }
            else {
              message = prefix + DynamicTemplate("FullInventory", object)
            }
          }
        }
        children = GetDirectChildren(game.pov)
        if (HasInt(game.pov, "maxobjects")) {
          if (game.pov.maxobjects > 0) {
            if (ListCount(children) >= game.pov.maxobjects) {
              continue = false
              if (HasString(game.pov, "containermaxobjects")) {
                message = prefix + game.pov.containermaxobjects
              }
              else {
                message = prefix + DynamicTemplate("MaxObjectsInInventory", object)
              }
            }
          }
        }
        if (continue = false) {
          msg (message)
        }
        else {
          found = true
          takemsg = object.takemsg
          switch (TypeOf(object, "take")) {
            case ("script") {
              if (ismultiple) {
                OutputTextNoBr (prefix)
              }
              do (object, "take")
              takemsg = ""
            }
            case ("boolean") {
              if (object.take = true) {
                object.parent = game.pov
                if (takemsg = null) {
                  takemsg = DynamicTemplate("TakeSuccessful", object)
                }
              }
              else {
                found = false
              }
            }
            case ("string") {
              object.parent = game.pov
              takemsg = object.take
            }
            default {
              found = false
            }
          }
          if (not found and takemsg = null) {
            takemsg = DynamicTemplate("TakeUnsuccessful", object)
          }
          if (LengthOf(takemsg) > 0) {
            msg (prefix + takemsg)
          }
          if (HasScript(object, "ontake")) {
            do (object, "ontake")
          }
          if (found and GetBoolean (object, "scenery") and object.parent = game.pov) {
            object.scenery = false
          }
        }
      }
    }
  ]]></function>




  
  
  <function name="OnEnterRoom" parameters="oldRoom"><![CDATA[
    game.displayroomdescriptiononstart = false
    if (IsDefined("oldRoom")) {
      if (oldRoom <> null) {
        if (HasScript(oldRoom, "onexit")) {
          do (oldRoom, "onexit")
        }
      }
    }
    on ready {
      if ((not GetBoolean(game.pov.parent, "visited")) and HasScript(game.pov.parent, "beforefirstenter")) {
        do (game.pov.parent, "beforefirstenter")
      }
      on ready {
        if (HasScript(game.pov.parent, "beforeenter")) {
          do (game.pov.parent, "beforeenter")
        }
        on ready {
          if (IsDefined("oldRoom")) {
            if (oldRoom <> null and game.changeroom_newline and not game.command_newline) {
              msg ("")
            }
          }
          //st = DisplayName(game.pov.parent)
          //request (UpdateLocation, "- " + st + " -")
          //Title (st, 14)
          roomFrameExists = false
          if (game.showdescriptiononenter) {
            ShowRoomDescription
          }
          if (HasScript( game, "roomenter")) {
            do (game, "roomenter")
          }
          on ready {
            if ((not GetBoolean(game.pov.parent, "visited")) and HasScript(game.pov.parent, "firstenter")) {
              do (game.pov.parent, "firstenter")
            }
            on ready {
              if (HasScript(game.pov.parent, "enter")) {
                do (game.pov.parent, "enter")
              }
            }
            set (game.pov.parent, "visited", true)
          }
        }
      }
    }
  ]]></function>
  



  <!-- =================================================== -->
  <!-- Initialisation Functions -->


  <function name="CombatInit">
    CombatInitialise(true)
  </function>
  

  <function name="CombatInitialise" parameters="create">
    game.combat_debug = false
    game.pov.turncount = 0
    game.pov.armourobject = null
    game.pov.armour = 0
    game.pov.stamina = 0

    if (not HasInt (game, "elementaldamage")) game.elementaldamage = 150
    if (not HasInt (game.pov, "gold")) game.pov.gold = 0
    if (not HasInt (game.pov, "maxpoints")) game.pov.maxpoints = 10
    if (not HasAttribute (game.pov, "attlist")) game.pov.attlist = Split("strength|intelligence|agility|stamina", "|")

    game.pov.ob_bonus = 0
    game.pov.next_round_ob_bonus = 0
    game.pov.db_bonus = 0
    game.pov.equipped = fists
    game.pov.magiccountdown = 0
    game.pov.attackbonus = 0
    game.pov.defencebonus = 0
    game.pov.damagebonus = 0
    game.pov.armourbonus = 0
    game.pov.magicbonus = 0
    game.pov.sneaklevel = 0
    game.pov.immunities = NewStringList()

    UpdateWeapon

    if (create) {
      request(Hide, "Panes")
      request(Hide, "Command")
      do(gamestart, "start")
    }
    else {
      game.pov.alias = "Boris"
      game.pov.female = false
      game.pov.stamina = 2
      game.pov.intelligence = 7
      game.pov.strength = 0
      game.pov.agility = 1
      game.pov.hitpoints = CalcFullHits()
      UpdateHitPoints
      player.parent = start2
    }
  </function>











  <!-- =================================================== -->
  <!-- Combat Functions -->


  <!--
  Calculates the player's full hits from the stamina
  -->
  <function name="CalcFullHits" type="int"><![CDATA[
    return (40 + 5 * game.pov.stamina)
  ]]></function>



  <!--
  Called by a change script on player.hitpoints
  -->  
  <function name="UpdateHitPoints">
    JS.eval ("$('#hits-span').html('" + game.pov.hitpoints + "/" + CalcFullHits () + "');")
    if (0 >= game.pov.hitpoints) {
      msg ("You are dead!")
      finish
    }
  </function>

  <!--
  Called by a change script on player.equipped
  -->  
  <function name="UpdateWeapon">
    JS.eval ("$('#weapon-span').html('" + GetDisplayAlias(game.pov.equipped) + "');")
    s = ""
    if (game.pov.equipped.attackbonus > 0) {
      s = s + "+" + game.pov.equipped.attackbonus + ", "
    }
    s = s + game.pov.equipped.damagedicenumber + "d" + game.pov.equipped.damagedicesides
    if (game.pov.equipped.damagebonus > 0) {
      s = s + "+" + game.pov.equipped.damagebonus
    }
    JS.eval ("$('#weapon-stats-span').html('" + s + "');")
  </function>

  <function name="UpdateArmour"><![CDATA[
    JS.eval ("$('#armour-span').html('" + game.pov.armour + "');")
    defence = game.pov.agility / 2 - game.pov.armour
    // ... but cannot be less than 0
    if (defence < 0) defence = 0
    if (not game.pov.shield = null) {
      defence = defence + game.pov.shield.level
    }
    if (ArmourTooHeavy(game.pov.armour)) defence = 0
    defence = defence + game.pov.defencebonus
    JS.eval ("$('#defence-span').html('" + defence + "');")
  ]]></function>

  <!--
  Called by a change script on player.gold
  -->  
  <function name="UpdateGold">
    JS.eval ("$('#gold-span').html('" + game.pov.gold + "');")
  </function>

  <function name="UpdateEffect">
    JS.eval ("$('#effect-span').html('" + game.pov.status + "');")
  </function>

  <function name="UpdateStats">
    JS.eval ("$('#intelligence-span').html('" + player.intelligence + "');")
    JS.eval ("$('#stamina-span').html('" + player.stamina + "');")
    JS.eval ("$('#strength-span').html('" + player.strength + "');")
    JS.eval ("$('#agility-span').html('" + player.agility + "');")
    UpdateArmour
    UpdateWeapon
  </function>





  <function name="ArmourTooHeavy" parameters="armour" type="boolean"><![CDATA[
    return (armour * 4 > game.pov.strength)
  ]]></function>



  <function name="GetDefence" type="int"><![CDATA[
      // Basic defence is half agility minus armour
      defence = game.pov.agility / 2 - GetArmour() / 20
      // ... but cannot be less than 0
      if (defence < 0) defence = 0
      // ... plus any transient bonus
      defence = defence + game.pov.db_bonus + game.pov.defencebonus
      if (not game.pov.shield = null) {
        defence = defence + game.pov.shield.level
      }
      if (ArmourTooHeavy(game.pov.armour)) defence = 0
      return (defence)
  ]]></function>

  <function name="GetAttack" type="int"><![CDATA[
      // Basic attack is average of strength and agility, plus transient bonus from previous round
      attack = (game.pov.agility + game.pov.strength) / 2 + game.pov.ob_bonus + game.pov.attackbonus
      if (ArmourTooHeavy(game.pov.armour)) {
        attack = attack - 5
      }
      return (attack)
  ]]></function>

  <function name="GetArmour" type="int"><![CDATA[
      return (game.pov.armour * 20)
  ]]></function>






  <function name="GetDamage"  parameters="weapon, bonus, foe" type="int"><![CDATA[
    // Base damage in the bonus for the weapon, plus the bonus for the attacker
    damage = weapon.damagebonus + bonus
    // Add the dice damage, and subtract the armour from each roll
    for (i, 1, weapon.damagedicenumber) {
      damage = damage + GetRandomInt (1, weapon.damagedicesides) - foe.armour
    }
    // If the weapon is elemental, it does double damage against opposed elements,
    // and half damage against like element
    switch (GetElementalPosition (weapon, foe)) {
      case (1) {
        msg ("[Your weapon is not very effective against this creature]")
        damage = damage / 2
      }
      case (-1) {
        damage = damage * 2
        msg ("[Your weapon is especially effective against this creature]")
      }
    }
    
    if (DoesInherit(foe, "monster")) {
      if (game.pov.sneaklevel > foe.level) {
        damage = damage * 2
      }
    }

    // Always do at least 1 point of damage
    if (damage < 1) damage = 1
    return (damage)
  ]]></function>




  <!--
  Sent 5 by a weapon attack, 4 by a spell attack, 2 by other spells
  -->
  <function name="SneakUpdate" parameters="by">
    game.pov.sneaklevel = game.pov.sneaklevel - by
    if (0 > game.pov.sneaklevel) game.pov.sneaklevel = 0
  </function>



  <function name="SetGuards" parameters="room">
    foreach (obj, GetDirectChildren(room)) {
      if (DoesInherit(obj, "monster") and not GetBoolean(obj, "dead")) {
        obj.guarding = true
      }
    }
  </function>

  
  
  
  
  

  <function name="GetPrice" parameters="price" type="string">
    return ("" + price + " gp")
  </function>
  

  
  

</library>
