


<library>

  <function name="InitUserInterface">
    if (GetObject ("spells_known") = null) create ("spells_known")
    SetInventory2Label ("Spells")
    SetInventory2 (GetDirectChildren (spells_known))  
		JS.eval ("$('#status').css('border', 'none');")
		JS.eval ("$('#status').css('background-image', 'none');")
		JS.eval ("$('#status').css('background-color', 'BurlyWood');")
		JS.eval ("$('#status').css('width', '950px');")
		JS.eval ("$('#status').css('text-align', 'center');")
		JS.eval ("$('#status').css('font-family', '" + game.font2 + "');")
		JS.eval ("$('#status').css('font-size', '16pt');")
		JS.eval ("$('#compassLabel').insertBefore('#inventoryLabel')")
		JS.eval ("$('#compassAccordion').insertBefore('#inventoryLabel')")
		JS.eval ("$('#statusVarsLabel').insertBefore('#inventoryLabel')")
		JS.eval ("$('#statusVarsAccordion').insertBefore('#inventoryLabel')")
  </function>



  <object name="gamestart">
    <stuff><![CDATA[
       <div id="dialog_window_1" class="dialog_window" title="Your Character">
         <table style="-webkit-touch-callout: none; -webkit-user-select: none; -khtml-user-select: none; -moz-user-select: none; -ms-user-select: none; -o-user-select: none; user-select: none;">
           <tr class="details">
            <td colspan="2">Name: <input type="text" id="name_input" value="Boris"/></td>
            <td>Sex: <input type="radio" name="sex_input" value="Male" checked="checked"/>Male
                     <input type="radio" name="sex_input" value="Female" />Female</td>
           </tr>
           <tr>
            <td style="text-align:right;" width="35%">
              <br/><b>Attributes</b>
            </td>
            <td width="15%">
            </td>
            <td>
              <br/><b>Bonus item</b>
            </td>
           </tr> 
           <tr>
            <td style="text-align:right;">
              Strength
            </td>
            <td>
              <span onclick="incAtt('strength');" style="cursor: pointer;">&#x25B2;</span>
              <span onclick="decAtt('strength');" style="cursor: pointer;">&#x25BC;</span>
              <div id="strength" style="display:inline;">0</div>
            </td>
            <td>
              %BONUS1%
            </td>
           </tr> 
           <tr>
            <td style="text-align:right;">
              Agility
            </td>
            <td>
              <span onclick="incAtt('agility');" style="cursor: pointer;">&#x25B2;</span>
              <span onclick="decAtt('agility');" style="cursor: pointer;">&#x25BC;</span>
              <div id="agility" style="display:inline;">0</div>
            </td>
            <td>
              %BONUS2%
            </td>
           </tr> 
           <tr>
            <td style="text-align:right;">
              Intelligence
            </td>
            <td>
              <span onclick="incAtt('intelligence');" style="cursor: pointer;">&#x25B2;</span>
              <span onclick="decAtt('intelligence');" style="cursor: pointer;">&#x25BC;</span>
              <div id="intelligence" style="display:inline;">0</div>
            </td>
            <td>
              %BONUS3%
            </td>
           </tr> 
           <tr>
            <td style="text-align:right;">
              Stamina
            </td>
            <td>
              <span onclick="incAtt('stamina');" style="cursor: pointer;">&#x25B2;</span>
              <span onclick="decAtt('stamina');" style="cursor: pointer;">&#x25BC;</span>
              <div id="stamina" style="display:inline;">0</div>
            </td>
            <td>
              %BONUS4%
            </td>
           </tr> 
           <tr>
            <td style="text-align:right;">
              Points left
            </td>
            <td>
              <div id="points" style="display:inline;">10</div>
            </td>
            <td>
              %BONUS5%
            </td>
           </tr> 
         </table>
       </div>
       <script>
             jQuery('.numbersOnly').keyup(function () {
               this.value = this.value.replace(/[^0-9\.]/g,'');
             });
         
            function incAtt(att) {
                pts = parseInt($('#points').html());
                flag = (pts > 0);
                if (flag) {
                  n = parseInt($('#' + att).html());
                  $('#' + att).html(n + 1);
                  $('#points').html(pts - 1);
                }
            }
       
            function decAtt(att) {
                n = parseInt($('#' + att).html());
                flag = (n > 0);
                if (flag) {
                  pts = parseInt($('#points').html());
                  $('#' + att).html(n - 1);
                  $('#points').html(pts + 1);
                }
            }
       
            function setValues() {
                that.dialog("close");
                answer = $('#name_input').val() + "|" + $("input:radio[name='sex_input']:checked").val();
                answer += "|" + parseInt($('#strength').html()) + "|" + parseInt($('#agility').html()); 
                answer += "|" + parseInt($('#intelligence').html()) + "|" + parseInt($('#stamina').html()); 
                answer += "|" + $("input:radio[name='bonus']:checked").val();
                ASLEvent("HandleDialogue", answer);
            }
       
            function loseCross() {
                $("button[title='Close']")[0].style.display = 'none';
            }
            
            $(document).ready(function () {
                that = $("#dialog_window_1");
                $('#dialog_window_1').dialog({
                   height: 400,
                   width: 640,
                   buttons: {
                      "Done": function() { setValues();}
                  }
               });
            });
       </script>
        ]]></stuff>
    <start type="script"><![CDATA[
      gamestart.startup = true
      if (not hasAttribute(game, "startoptions")) {
        game.startoptions = NewStringList()
        gamestart.stuff = Replace(gamestart.stuff, "Bonus item", "")
      }
      for (i, 1, 5) {
        if (i > ListCount(game.startoptions)) {
          gamestart.stuff = Replace(gamestart.stuff, "%BONUS" + i + "%", "")
        }
        else {
          s = "<input type=\"radio\" name=\"bonus\" value=\"bonus" + i + "\">" + StringListItem(game.startoptions, i - 1)
          gamestart.stuff = Replace(gamestart.stuff, "%BONUS" + i + "%", s)
        }
      }
      OutputTextNoBr (gamestart.stuff)
      JS.eval ("$('#points').text('' + " + game.pov.maxpoints + ")")
      JS.eval ("loseCross()")
    ]]></start>
  </object>

  <function name="LevelUp">
    ShowMenu ("You can raise one of your stats!", Split("Strength|Agility|Stamina|Intelligence", "|"), false) {
      n = GetInt(game.pov, LCase(result)) + 1
      set (game.pov, LCase(result), n)
      game.pov.hitpoints = game.pov.hitpoints + CalcFullHits () / 3
      if (game.pov.hitpoints > CalcFullHits ()) game.pov.hitpoints = CalcFullHits ()
      UpdateStats
    }
  </function>

  <function name="HandleDialogue" parameters="answer">
    l = Split(answer, "|")
    if (not gamestart.startup) {
      oldmax = CalcFullHits()
    }
    game.pov.strength = ToInt(StringListItem(l, 2))
    game.pov.agility = ToInt(StringListItem(l, 3))
    game.pov.intelligence = ToInt(StringListItem(l, 4))
    game.pov.stamina = ToInt(StringListItem(l, 5))
    bonus = StringListItem(l, 6)
    if (gamestart.startup) {
      game.pov.alias = StringListItem(l, 0)
      game.pov.female = StringListItem(l, 1) = "Female"
      gamestart.startup = false
      game.pov.hitpoints = CalcFullHits()
      request(Show, "Panes")
      request(Show, "Command")
      player.parent = start2
  		JS.eval ("$('#status_div').css('display', 'block')")
    }
    else {
      game.pov.hitpoints = game.pov.hitpoints * CalcFullHits() / oldmax
    }
    UpdateHitPoints
    AddBonusItem(bonus)
  </function>
  
  
  
  
  
  <function name="StatusClick" parameters="s">
    if (game.statusdisplay) {
      JS.eval ("$('#optional').css('display', 'none');")
      game.statusdisplay = false
    }
    else {
      JS.eval ("$('#optional').css('display', 'block');")
      game.statusdisplay = true
    }
  </function>
  
  
  
</library>