<?xml version="1.0"?>
<library>


  
  
  
  
  <!-- =================================================== -->
  <!-- Background stuff, randonly generated -->


  <type name="generic">
      <scenery />
      <look type="script">
        if (not this.alreadylooked) {
          this.alreadylooked = true
          if (HasString(this, "desc")) {
            this.desc = Randomise(this.desc)
          }
          else {
            this.desc = ""
          }
          if (RandomChance(this.chanceofsomething)) {
            this.hassomething = true
            o = PickFromObject(this.original)
            o.parent = this.parent
            s = Replace(this.firstlook, "%name%", LCase(o.alias))
          }
          else {
            s = this.nothingthere
          }
        }
        else if (this.hassomething) {
          s = this.secondlook
        }
        else {
          s = this.nothingthere
        }
        msg(Trim(this.desc + " " + s))
      </look>
      <alreadylooked type="boolean">false</alreadylooked>
      <hassomething type="boolean">false</hassomething>
      <chanceofsomething type="int">10</chanceofsomething>
  </type>

  
  
  
  <!-- =================================================== -->
  <!-- Artefact -->

  
  <type name="artefact">
    <inventoryverbs type="stringlist">
      <value>Look at</value>
    </inventoryverbs>

    <take />

    <drop type="boolean">false</drop>

    <ontake type="script">
      player.artefactcount = player.artefactcount + 1
      JS.eval ("$('#artefact-span').html('" + game.pov.artefactcount + "/14');")
    </ontake>

    <feature_usegive />

    <use type="script">
      msg ("This artefact is far to value to actually use!")
    </use>

    <sellstuff>You will get a better prioce for this artefact  in the city from a dealer who understands its cultural significance.</sellstuff>
  </type>
  
    
  
  


  <!-- =================================================== -->
  <!-- Armour -->




  <type name="armour">
    <inherit name="merchandise"/>
    <level type="int">0</level>
    <inventoryverbs type="stringlist">
      <value>Look at</value>
      <value>Drop</value>
      <value>Wear</value>
      <value>Sell</value>
    </inventoryverbs>
    <take />
    
    <look type="script"><![CDATA[
      msg(this.desc)
      msg("Gives armour of " + this.level)
    ]]></look>


    <wear type="script"><![CDATA[
      if (not game.pov = this.parent) {
        msg ("You are not holding " + GetDisplayAlias (this))
      }
      else if (not game.pov.armourobject = null) {
        msg ("You are already wearing " + GetDisplayAlias (game.pov.armourobject))
      }
      else {
        if (ArmourTooHeavy(this.level)) {
          msg ("You  struggle to put on " + GetDisplayAlias (this) + ", but eventually it is on. You realise you will struggle to actually fight whilst wearing it, however.")
        }
        else {
          msg ("You  quickly put on " + GetDisplayAlias (this) + ".")
        }
        game.pov.armourobject = this
        game.pov.armour = game.pov.armour + this.level
        this.inventoryverbs = Split ("Look at;Remove", ";")
        //this.drop = false
        this.listalias = GetDisplayAlias (this) + " (worn)"
        UpdateArmour

      }
    ]]></wear>
    
    <remove type="script">
      if (not game.pov.armourobject = this) {
        msg ("You are not wearing " + GetDisplayAlias (game.pov.armour))
      }
      else {
        msg ("You quickly take off " + GetDisplayAlias (this))
        game.pov.armourobject = null
        game.pov.armour = game.pov.armour - this.level
        this.inventoryverbs = Split ("Look at;Drop;Wear;Sell", ";")
        //this.drop = true
        this.listalias = GetDisplayAlias (this)
        UpdateArmour
      }
    </remove>
    
    <ondrop type="script">
      if (game.pov.armourobject = this) {
        game.pov.armourobject = null
        game.pov.armour = 0
        this.inventoryverbs = Split ("Look at;Drop;Wear;Sell", ";")
        //this.drop = true
        this.listalias = GetDisplayAlias (this)
      }
    </ondrop>
    
    <drop2 type="script">
      if (game.pov.armourobject = this) {
        msg ("Cannot drop armour while it is worn.")
      }
      else {
        msg ("Dropped.")
        this.parent = game.pov.parent
      }
    </drop2>
    
  </type>





  <!-- =================================================== -->
  <!-- Shields -->


  <type name="shield">
    <inherit name="merchandise"/>
    <level type="int">1</level>
    <take />
    <inventoryverbs type="stringlist">
      <value>Look at</value>
      <value>Drop</value>
      <value>Equip</value>
      <value>Sell</value>
    </inventoryverbs>
    
    <look type="script"><![CDATA[
      msg(this.desc)
      msg("Gives +" + this.level + " to defence.")
    ]]></look>

    <equip type="script"><![CDATA[
      if (not this.parent = game.pov) {
        msg ("You don't have it.")
      }
      else if (game.pov.equipped.twohanded) {
        msg ("You cannot use a shield with a two-handed weapon.")
      }
      else {
        if (not game.pov.shield = null) {
          msg ("You put away your " + GetDisplayAlias(game.pov.shield) + " and hold your " + GetDisplayAlias (this) + " ready.")
        }
        else {
          msg ("You hold your " + GetDisplayAlias (this) + " ready.")
        }
        game.pov.shield = this
        this.inventoryverbs = Split ("Look at;Drop;Unequip", ";")
        UpdateArmour
      }
    ]]></equip>
    
    <unequip type="script"><![CDATA[
      if (not this.parent = game.pov) {
        msg ("You don't have it.")
      }
      else if (not game.pov.shield = this) {
        msg ("You don't have it equipped.")
      }
      else {
        msg ("You put away your " + GetDisplayAlias(this) + ".")
        game.pov.shield = null
        this.inventoryverbs = Split ("Look at;Drop;Equip;Sell", ";")
        UpdateArmour
      }
    ]]></unequip>
    
    <ondrop type="script">
      if (game.pov.equipped = this) {
        game.pov.shield = null
        this.inventoryverbs = Split ("Look at;Drop;Equip;Sell", ";")
        //UpdateWeapon
      }
    </ondrop>
    
  </type>






  <!-- =================================================== -->
  <!-- Weapons -->




  <type name="weapon">
    <inherit name="merchandise"/>
    <attackbonus type="int">0</attackbonus>
    <damagebonus type="int">0</damagebonus>
    <damagedicenumber type="int">1</damagedicenumber>
    <damagedicesides type="int">4</damagedicesides>
    <twohanded type="boolean">false</twohanded>
    <nonweapon type="boolean">false</nonweapon>
    <longreach type="boolean">false</longreach>
    <canberusted type="boolean">true</canberusted>
    <take />
    <inventoryverbs type="stringlist">
      <value>Look at</value>
      <value>Drop</value>
      <value>Equip</value>
      <value>Sell</value>
    </inventoryverbs>
    
    <look type="script"><![CDATA[
      msg(this.desc)
      s = "Does " + this.damagedicenumber + "d" + this.damagedicesides
      if (this.damagebonus > 0) {
        s = s + "+" + this.damagebonus
      }
      s = s + " damage"
      if (this.attackbonus > 0) {
        s = s + " with a +" + this.attackbonus + " bonus to attacks"
      }
      msg(s + ".")
    ]]></look>

    <equip type="script"><![CDATA[
      if (not this.parent = game.pov) {
        msg ("You don't have it.")
      }
      else if (this.twohanded and not game.pov.shield = null) {
        msg("You cannot use a two-handed weapon with a shield.")
      }
      else {      
        if (not game.pov.equipped = fists and not game.pov.equipped = null) {
          msg ("You put away your " + GetDisplayAlias(game.pov.equipped) + " and draw your " + GetDisplayAlias (this) + ".")
        }
        else {
          msg ("You draw your " + GetDisplayAlias (this) + ".")
        }
        game.pov.equipped = this
        this.inventoryverbs = Split ("Look at;Drop;Unequip", ";")
        UpdateWeapon
      }
    ]]></equip>
    
    <unequip type="script"><![CDATA[
      if (this.parent = game.pov) {
        msg ("You put away your " + GetDisplayAlias(game.pov.equipped) + ".")
        game.pov.equipped = fists
        this.inventoryverbs = Split ("Look at;Drop;Equip;Sell", ";")
        UpdateWeapon
      }
      else {
        msg ("You don't have it.")
      }
    ]]></unequip>
    
    <ondrop type="script">
      if (game.pov.equipped = this) {
        game.pov.equipped = fists
        this.inventoryverbs = Split ("Look at;Drop;Equip;Sell", ";")
        UpdateWeapon
      }
    </ondrop>
    
    <!--
    Gives a string that describes the effect of the weapon in tactical terms.
    -->
    <stats type="script_returns_string">
      return ("+" + this.attackbonus + " to hit; " + this.damagedicenumber + "d" + this.damagedicesides + "+" + this.damagebonus + " damage")
    </stats>
  </type>




</library>
