<?xml version="1.0"?>
<library>


  <!--
  The basic spell can be learnt and cast.
  -->
  <type name="spell">
    <displayverbs type="stringlist">
      <value>Learn</value>
    </displayverbs>
    <inventoryverbs type="stringlist">
      <value>Learn</value>
    </inventoryverbs>
    <level type="int">0</level>
    <lastsfor type="int">0</lastsfor>
    <drop type="boolean">false</drop>
    <take type="boolean">false</take>
    <skipmultitake type="boolean">true</skipmultitake>
    <terminate type="script"></terminate>
    <spelleffect type="script"></spelleffect>
    <cannothold type="boolean">false</cannothold>
    
    <usedefaultprefix type="boolean">false</usedefaultprefix>
    <learn type="script"><![CDATA[
      if (this.parent = spells_known) {
        msg ("Er, you already know that one!")
      }
      else if ((game.pov.intelligence + game.pov.magicbonus) < this.level * 2) {
        msg ("That spell is way out of your league. Perhaps if you were more intelligent...")
      }
      else {
        do(this, "dolearn")        
      }
    ]]></learn>
    <dolearn type="script"><![CDATA[
      this.parent = spells_known
      this.inventoryverbs = Split ("Cast", " ")
      msg ("In a process that seems at once unfathomable, and yet familiar, the spell fades away, and you realise you are now able to cast the <i>" + GetDisplayAlias(this) + "</i> spell.")
      SetInventory2 (GetDirectChildren (spells_known))        
    ]]></dolearn>

    <precast type="script"><![CDATA[
      // Iterate through all objects in the room
      // Apply attack to those with the monster type that are not dead
      if ((game.pov.intelligence + game.pov.magicbonus) < this.level * 2) {
        msg ("You concentrate really hard, trying to cast <i>" + GetDisplayAlias(this) + " but nothing happens. Perhaps if you were a bit more intelligent, you might have better success.")
      }
      else if (game.pov.currentspell = this) {
        msg ("You are about to cast <i>" + GetDisplayAlias(this) + " when you realise it is already active!")
      }
      else {
        do (this, "cast")
      }
    ]]></precast>
    

    <!--
    Describes casting
    -->
    <describecast type="script"><![CDATA[
      s = "You cast <i>" + GetDisplayAlias(this) + "</i>."
      if (HasString (this, "description")) {
        s = s + " " + this.description
      }
      msg (s)
    ]]></describecast>
  </type>




  <!--
  An attack spell has an element and a level.
  It does an instant attack on all monsters based on them.
  The learn script allows for spells of the same element to  be grouped effectively.
  -->
  <type name="attackspell">
    <inherit name="spell"/>
    <inherit name="magicalattackprovider"/>
    
    <cast type="script"><![CDATA[
      // Iterate through all objects in the room
      // Apply attack to those with the monster type that are not dead
        do (this, "describecast")
        game.pov.currectattack = this
        SneakUpdate (4)
        flag = False
        foreach (obj, ScopeVisibleNotHeld ()) {
          if (DoesInherit(obj, "monster")) {
            rundelegate (this, "spellattackmonster", obj)
            flag = True
          }
        }
        if (not flag) {
          msg ("... No monsters present")
        }
        CancelSpell ()
    ]]></cast>
    
    <learn type="script"><![CDATA[
      if (this.parent = spells_known) {
        msg ("Er, you already know that one!")
      }
      else if ((game.pov.intelligence + game.pov.magicbonus) < this.level * 2) {
        msg ("That spell is way out of your league. Perhaps if you were more intelligent...")
      }
      else {
        already = null
        handled = false
        foreach(o, GetDirectChildren(spells_known)) {
          if (DoesInherit(o, "attackspell")) {
            if (o.element = this.element) {
              already = o
            }
          }
        }
        if (not already = null) {
          if (already.level > this.level) {
            msg ("You already know the higher level equivalent of this spell.")
            this.parent = dead
            handled = true
          }
        }
        if (not handled) {
          do(this, "dolearn")
        }
        if (not already = null) {
          if (this.level > already.level) {
            msg ("The lower level equivalent of this spell is now obselete.")
            already.parent = dead
          }
        }
        SetInventory2 (GetDirectChildren (spells_known))        
      }
    ]]></learn>

  </type>




  <!--
  A banishing spell instantly moves all monsters with a 
  "monstertype" string matching this spells "target" string
  to dead.
  -->
  <type name="banishingspell">
    <inherit name="spell"/>
    
    <cast type="script"><![CDATA[
      // Iterate through all objects in the room
      // Apply attack to those with the monster type that are not dead
        do (this, "describecast")
        game.pov.currectattack = this
        SneakUpdate (4)
        flag = False
        foreach (obj, ScopeVisibleNotHeld ()) {
          if (DoesInherit (obj, "monster")) {
            if (obj.monstertype = this.target) {
              msg (Replace(this.description, "%", GetDisplayAlias(obj)))
              obj.parent = dead
              flag = True
            }
          }
        }
        if (not flag) {
          msg ("... No affected monsters present")
        }
        CancelSpell ()
    ]]></cast>
    
  </type>





  <!--
  An instant spell, doing whatever is in the "spelleffect" script.
  -->
  <type name="nonattackspell">
    <inherit name="spell"/>
    <cast type="script">
      do (this, "describecast")
      SneakUpdate (2)
      CancelSpell ()
      do (this, "spelleffect")
    </cast>
  </type>






  <!--
  An on-going spell, using the magicaleffectprovider functionality.
  -->
  <type name="lastingspell">
    <inherit name="spell"/>
    <inherit name="magicaleffectprovider"/>
    <cast type="script">
      do (this, "describecast")
      do(this, "startmagiceffect")
    </cast>
  </type>




   


  <!-- =================================================== -->
  <!-- Scrolls -->


  <!--
  A scroll is USEd. Once used it is moved to dead.
  Scrolls give an instant effect.
  Does whatever is in the "spelleffect" script.
  -->
  <type name="scroll">
    <inherit name="merchandise"/>
    <take />

    <feature_usegive />
    <inventoryverbs type="stringlist">
      <value>Look at</value>
      <value>Drop</value>
      <value>Sell</value>
      <value>Use</value>
    </inventoryverbs>
    <use type="script">
      do (this, "describecast")
      game.pov.currectattack = this
      SneakUpdate (4)
      do(this, "spelleffect")
      this.parent = dead
      CancelSpell
    </use>
    
    <!--
    Describes casting
    -->
    <describecast type="script"><![CDATA[
      s = "You use the scroll to cast <i>" + GetDisplayAlias(this) + "</i>."
      if (HasString (this, "description")) {
        s = s + " " + this.description
      }
      msg (s + " The used scroll crumbles to dust in your fingers.")
    ]]></describecast>
  </type>






  <!-- =================================================== -->
  <!-- Potions -->



  <!--
  You cab DRINK a potion. Once used it is moved to dead.
  Potions give on-going effects.
  using the magicaleffectprovider functionality.
  -->
  <type name="potion">
    <inherit name="merchandise"/>
    <inherit name="magicaleffectprovider"/>
    <potionlasts type="int">7</potionlasts>
    <cannothold type="boolean">false</cannothold>
    <take />

    <drink type="script">
      msg ("You drink the " + GetDisplayAlias(this))
      this.parent = dead
      do(this, "startmagiceffect")
    </drink>
      
    <inventoryverbs type="stringlist">
      <value>Look at</value>
      <value>Drop</value>
      <value>Drink</value>
      <value>Sell</value>
    </inventoryverbs>
  </type>

  
  
  
  
  <!--
  You cab DRINK a healing potion. Once used it is moved to dead.
  Instantly heals to full hits.
  -->
  <type name="healingpotion">
    <inherit name="merchandise"/>
    <potionlasts type="int">0</potionlasts>
    <price type="int">20</price>
    <alias>Healing potion</alias>
    <cannothold type="boolean">false</cannothold>
    <take />

    <drink type="script">
      msg ("You drink the healing potion, and suddenly you feel fine.")
      game.pov.hitpoints = CalcFullHits ()
      this.parent = dead
    </drink>
      
    <inventoryverbs type="stringlist">
      <value>Look at</value>
      <value>Drop</value>
      <value>Drink</value>
      <value>Sell</value>
    </inventoryverbs>
  </type>










  <!-- =================================================== -->
  <!-- Magic items -->
  <!-- Not properly implemented!!! -->
  <!-- There is a big issue here about wearing a limited number of rings, an amulet, a belt, etc...  -->




  <type name="magic_item">
    <inherit name="merchandise"/>
    <level type="int">0</level>
    <inventoryverbs type="stringlist">
      <value>Look at</value>
      <value>Drop</value>
      <value>Wear</value>
      <value>Sell</value>
    </inventoryverbs>
    <take />
    
    <wear type="script">
      other = GetAttribute (game.pov, "wornas" + this.worn)
      if (not game.pov = this.parent) {
        msg ("You are not holding " + GetDisplayAlias (this))
      }
      else if (not other = null) {
        msg ("You are already wearing " + GetDisplayAlias(other) + ".")
      }
      else {
        msg ("You put on " + GetDisplayAlias (this))
        set (game.pov, "wornas" + this.worn, this)
        this.inventoryverbs = Split ("Look at;Remove", ";")
        this.listalias = GetDisplayAlias (this) + " (worn)"
        this.drop = false
        do (this, "puttingon")
      }
    </wear>
    
    <remove type="script">
      if (not game.pov = this.parent) {
        msg ("You do not have " + GetDisplayAlias (this))
      }
      else if (not GetAttribute (game.pov, "wornas" + this.worn) = this) {
        msg ("You are not wearing " +  GetDisplayAlias (this) + ".")
      }
      else {
        msg ("You take off " + GetDisplayAlias (this))
        set (game.pov, "wornas" + this.worn, null)
        this.inventoryverbs = Split ("Look at;Drop;Wear", ";")
        this.listalias = GetDisplayAlias (this)
        do (this, "takingoff")
      }
    </remove>
    
    <ondrop type="script">
      if (GetAttribute (game.pov, "wornas" + this.worn) = this) {
        set (game.pov, "wornas" + this.worn, null)
        this.inventoryverbs = Split ("Look at;Drop;Wear", ";")
        this.listalias = GetDisplayAlias (this)
        do (this, "takingoff")
      }
    </ondrop>
  </type>



  
  <!--
  You can WEAR a talisman, but only one at a time.
  While worn the attribute named in this.affects is
  increased by this.level.
  -->
  <type name="magic_bonus_item">
    <inherit name="magic_item"/>
    <puttingon type="script">
      //msg(this.affects)
      n = GetInt(game.pov, this.affects)
      set(game.pov, this.affects, n + this.level)
    </puttingon>
    
    <takingoff type="script">
      n = GetInt(game.pov, this.affects)
      set(game.pov, this.affects, n - this.level)
    </takingoff>
  </type>
  
  <type name="talisman">
    <inherit name="magic_bonus_item"/>
    <worn>amulet</worn>
  </type>
  
  <type name="ring">
    <inherit name="magic_bonus_item"/>
    <worn>ring</worn>
  </type>
  


  <!--
  Provider classes add extra functionality to disparate classes.
  -->
  
  
  <!--
  For things that have on-going effects;
  potions and some spells
  -->
  <type name="magicaleffectprovider">

    <!--
    Used by spells and potions to start and end the on-going effect.
    -->
    <startmagiceffect type="script">
      SneakUpdate (2)
      do (this, "spelleffect")
      CancelSpell ()
      game.pov.currentspell = this
      game.pov.status = this.status
      game.pov.magiccountdown = this.lastsfor
      if (this.cannothold) {
        DropEverything
      }
      if (HasObject(this, "specialattack")) {
        game.pov.equipped = this.specialattack
      }
    </startmagiceffect>

    <endmagiceffect type="script">
      game.pov.currentspell = null
      game.pov.status = ""
      do(this, "terminate")
      if (HasObject(this, "specialattack")) {
        game.pov.equipped = fists
      }
    </endmagiceffect>


  </type>
  
  
  <!--
  For things that do instant elemental attacks;
  some scrolls and some spells
  -->
  <type name="magicalattackprovider">
    <!--
    Handles an attack on the given monster).
    Monster loses hit points according to the spell's level.
    If they share an element, then no damage, if elements are opposed, damage is multplied by 4
    Handles monsters with no elements too, but spell must have an element set.
    -->
    <spellattackmonster type="script_with_monster"><![CDATA[
      do (monster, "settoattack")
      s = "... "
      if (HasInt(this, "basedamage")) {
        basedamage = this.basedamage
      }
      else {
        basedamage = game.elementaldamage * this.level / 100
      }
      if ( HasDelegateImplementation(monster, "magicresponse")) {
        s = s + RunDelegateFunction(monster, "magicresponse")
      }
      else if (GetBoolean(monster, "absorbsmagic")) {
        s = s + "The % seems to absorb the magic, and has <i>gained</i> " + basedamage + " hits!"
        monster.hitpoints = monster.hitpoints + basedamage
      }
      else if (GetBoolean(monster, "reflectsmagic")) {
        s = s + "The % seems to reflect the magic, and you take " + basedamage + " hits from your own magic!"
        game.pov.hitpoints = game.pov.hitpoints - basedamage
      }
      else if (GetBoolean(monster, "ignoresmagic")) {
        s = s + "The % seems unaffected by the magic!"
      }
      else {
        switch (GetElementalPosition (this, monster)) {
          case (1) {
            damage = 0
            if (HasString(monster, "ignoreselement")) {
              s = s + monster.ignoreselement
            }
            else {
              s = s + "The % seems to be unaffected!"
            }
          }
          case (0) {
            damage = basedamage
            if (monster.hitpoints - damage > 0) {
              if (HasString(monster, "hurtbyspell")) {
                s = s + monster.hurtbyspell
              }
              else {
                s = s + "The % recoils from the spell"
              }
            }
            else {
              if (HasString(monster, "death")) {
                s = s + monster.death
              }
              else {
                s = s + "The % falls to the ground dead"
              }
              do (monster, "makedead")
            }
          }
          case (-1) {
            damage =  4 * basedamage
            if (monster.hitpoints - damage > 0) {
              if (HasString(monster, "hurtbyelement")) {
                s = s + monster.hurtbyelement
              }
              else if (HasString(monster, "hurtbyspell")) {
                s = s + monster.hurtbyspell
              }
              else {
                s = s + "The % recoils from the spell"
              }
            }
            else {
              if (HasString(monster, "deathbyelement")) {
                s = s + monster.deathbyelement
              }
              else if (HasString(monster, "death")) {
                s = s + monster.death
              }
              else {
                s = s + "The % falls to the ground dead."
              }
              do (monster, "makedead")
            }
          }
        }
        monster.hitpoints = monster.hitpoints - damage
        s = s + " (" + damage + " damage)."
      }
      msg(Replace(s, "%", GetDisplayAlias(monster)))
    ]]></spellattackmonster>
  </type>

  
  

</library>
