<library>


  
  <!--=====================================================================================-->  
  <!-- CREATING RANDOM STUFF -->  




  <!--
  Creates a monster from the given prototype, in the given room.
  Gives treasure too via GiveTreasure
  -->
  <function name="CreateFromPrototype" parameters="obj, room"><![CDATA[
    o = CloneObjectAndMove(obj, room)
    GiveTreasure (o)
  ]]></function>



  <!--
  Creates a monster from the given prototype and level, in the given room.
  Gives treasure too via GiveTreasure
  -->
  <function name="CreateFromPrototypeLevel" parameters="obj, level, room"><![CDATA[
    o = CloneObjectAndMove(obj, room)
    if (level < 1) {
      level = 1
    }
    if (level > ListCount(obj.types)) {
      level = ListCount(obj.types)
    }
    scalingfactor = 4
    if (HasInt(obj, "scalingfactor")) {
      scalingfactor = obj.scalingfactor
    }
    o.alias = CapFirst(StringListItem(obj.types, level - 1))
    o.desc = StringListItem(obj.descs, level - 1)
    o.level = level
    o.hitpoints = o.hitpoints + 20 * level / scalingfactor
    o.defence = o.defence + level / scalingfactor
    o.armour = o.armour + (level - 2) / scalingfactor
    o.attackbonus = o.attackbonus + level / scalingfactor
    o.damagedicenumber = o.damagedicenumber + (level - 1) / scalingfactor
    o.damagebonus = o.damagebonus + (level - 2) / scalingfactor
    o.damagedicesides = o.damagedicesides + (level - 3) / scalingfactor
    foreach (attack, GetDirectChildren(obj)) {
      newattack = CloneObjectAndMove (attack, o)
      newattack.attackbonus = newattack.attackbonus + level / scalingfactor
      newattack.damagedicenumber = newattack.damagedicenumber + (level - 1) / scalingfactor
      newattack.damagebonus = newattack.damagebonus + (level - 2) / scalingfactor
      newattack.damagedicesides = newattack.damagedicesides + (level - 3) / scalingfactor
    }
    GiveTreasure (o)
  ]]></function>
  
  
  <!--
  Creates an elemental monster from the given prototype and element, in ther given room.
  No treature.
  -->
  <function name="CreateFromPrototypeElement" parameters="element, level, room">
    t = level / 2
    if (0 > t) t = 0
    if (t > 8) t = 8
    o = CloneObjectAndMove(elemental, room)
    o.alias = StringListItem(o.types, t)
    o.alias = CapFirst(Replace(o.alias, "elemental", element.name))
    o.desc = StringListItem(o.descs, t)
    o.desc = Replace(o.desc, "%element%", element.name)
    o.level = level
    o.element = element
    o.parent = room
    
    o.hitpoints = 10 + level * 4
    o.defence = level / 4
    o.armour = 0
    o.attackbonus = level / 4
    o.damagedicenumber = 1 + (level - 1) / 4
    o.damagebonus = 0 + (level - 2) / 4
    o.damagedicesides = 6 + (level - 3) / 4

    </function>
  
  
  <!--
  Creates a randomised treasure from the given prototype in the given room.
  -->
  <function name="CreateTreasure" parameters="obj, room">
    o = CloneObjectAndMove(obj, room)
    if (HasString(o, "look")) o.look = RandomisePlus(o.look)
    o.price = o.price - GetRandomInt(o.price/-4, o.price/4)
  </function>
  
  <!--
  Creates a magic item (ring, talisman, etc.) from a random prototype in the source object, in the given room.
  -->
  <function name="CreateLevelledItem" parameters="source, level, room">
    obj = PickFromObject(source)
    CreateLevelItem(obj, level, room)
  </function>
  
  <!--
  Creates a magic item (ring, talisman, etc.) from a random prototype in the source object, in the given room.
  -->
  <function name="CreateLevelItem" parameters="obj, level, room">
    o = CloneObjectAndMove(obj, room)
    o.level = level
    o.price = level * 15
  </function>
  
  <!--
  Creates a potion in the given room.
  A potion gives immunity to an element for a while.
  -->
  <function name="CreateProtectionPotion" parameters="room">
    o = CloneObjectAndMove(masterpotionprotection, room)
    o.element = GetObject(PickOneStr("fire|frost|necrotic"))
    o.alias = "Potion of Protection from " + CapFirst(o.element.name)
    o.price = o.price - GetRandomInt(o.price/-4, o.price/4)
  </function>
  
  <!--
  Creates a potion in the given room.
  A potion gives immunity to an element for a while.
  -->
  <function name="CreateHealingPotion" parameters="room">
    o = CloneObjectAndMove(masterhealingpotion, room)
    o.price = o.price - GetRandomInt(o.price/-4, o.price/4)
  </function>
  
  
  <!--
  Creates a scroll of a random element of the given level in the given room.
  Or, 10% of the time, a random scroll selected from the scrolls object.
  -->
  <function name="CreateScroll" parameters="level, room">
    if (RandomChance(10)) {
      o = CloneObjectAndMove(PickFromObject(scrolls), room)
    }
    else {
      if (1 > level) level = 1
      if (level > 18) level = 18
      level = level - 1
      o = CloneObjectAndMove(masterscroll, room)
      o.element = GetObject(PickOneStr("fire|frost|divine|storm|earthmight"))
      qualifier = StringListItem(Split("Lesser ||Greater ", "|"), level % 3)
      //rankname = StringListItem(Split("Pop|Breath|Blast|Ball|Destruction|Annihilation", "|"), level / 3)
      o.alias = "Scroll of " + qualifier + CapFirst(o.element.name) + " Blast " + Roman(level / 3 + 1)
      o.look = "The scroll has a glyph of " + o.alias + " on it."
      o.price = 10 * level
      o.level = level
    }
  </function>
  
  
  <!--
  Creates a monster from the given prototype and level, in the given room.
  Gives treasure too via GiveTreasure
  -->
  <function name="CreateSpell" parameters="obj, room"><![CDATA[
    if (TypeOf(obj) = "string") {
      obj = GetObject("spell_" + obj)
    }
    o = CloneObjectAndMove(obj, room)
  ]]></function>


  <!--
  Creates a spell of the appropriate level in the given room.
  The spell level will be higher (x2?) than the given level
  -->
  <function name="CreateRandomSpell" parameters="level, room">
    type = level % 5
    if (type = 0) {
      n = level / 5 - 1
      l = Split("returning|map|frost_immunity|unlock|stoneskin|fire_immunity|banish_undead|necrotic_immunity|manastorm", "|")
      if (ListCount(l) > n) {
        s = "spell_" + StringListItem(l, n)
        o = GetObject(s)
        if (o = null) error("=Failed with " + s)
        o2 = CloneObjectAndMove(o, room)
        msg(level + ": " + o2.alias)
      }
    }
    else {
      CreateAttackSpell (level, room)
    }
  </function>
  
  
  <!--
  Creates an attack spell of the appropriate level in the given room.
  The spell level will be higher (x2?) than the given level
  -->
  <function name="CreateAttackSpell" parameters="level, room">
      type = level % 4
      n = level / 4
      l = Split("fire|frost|divine|storm", "|")
      s = "spell_" + StringListItem(l, type - 1) + "breath"
      o = GetObject(s)
      if (o = null) error("-Failed with " + s)
      o2 = CloneObjectAndMove(o, room)
      o2.alias = CapFirst(StringListItem(l, type - 1) + "blast " + Roman(n + 1))
      o2.level = 2 * level
  </function>
  <!--
  Gives this monster treasure at random. By default, 5% of the time, but altered by
  the monster's treasurechance attribute.
  Treasure is picked at random from three rooms
  rank1 if level less than 6
  rank2 if level is 6 to 15
  rank3 if level over 15
  -->
  <function name="GiveTreasure" parameters="obj">
    if (RandomChance(obj.treasurechance)) {
      if (RandomChance(3)) {
        CreateScroll(obj.level, obj)
      }
      if (RandomChance(3)) {
        CreateProtectionPotion(obj)
      }
      if (RandomChance(6)) {
        CloneObjectAndMove(masterhealingpotion, obj)
      }
      else {
        master = GetTreasureMaster(obj.level)
        CreateTreasure (master, obj)
      }
      GiveTreasure(obj)
    }
  </function>


  <function name="GetTreasureMaster" parameters="level" type="object">
    rank = (level + 4) / 10
    if (0 > rank) rank = 0
    if (rank > 3) rank = 3
    //msg (rank)
    hoard = GetObject("rank" + rank)
    if (hoard = null) error ("Hoard is null, could not find object: rank" + rank)
    return (PickFromObject(hoard))
  </function>
  
  
  
  

  <!--=====================================================================================-->  
  <!-- EFFECT TYPES -->  
  
  
  
  <!--
  For things that can be destroyed
  -->
  <type name="breakable">
    <smash type="script">
      msg("You smash the " + this.alias + " to bits.")
      this.parent = dead
    </smash>
  </type>
  
  
  
</library>