<library>

  
  <!--=====================================================================================-->  
  <!-- UTILITIES -->  
  
  
  <!--
  Returns a list of rooms in the given list that excludes corridors and the centre room.
  -->
  <function name="RoomList" parameters="levellist" type="objectlist">
    sublist = NewObjectList()
    foreach (room, levellist) {
      if (not room.corridor and not room.iswayup) {
        list add (sublist, room)
      }
    }
    return (sublist)
  </function>
  
  
  <!--
  Returns how far the given square is from the origin (counting horizonally and vertically, so 3, -2 gives 5).
  -->
  <function name="FromCentre" parameters="x, y" type="int">
    return (abs(x) + abs(y))
  </function>

  
  <!--
  Attempts to flag the room in the given direction as accessible. Returns false if there is no room, or if it is already flagged, true otherwise.
  -->
  <function name="FlagAdjacentOne" parameters="room, dir" type="boolean">
    exit_name = GetExitByName (room, dir)
    if (exit_name = null) {
      return (false)
    }
    else {
      ex = GetObject(exit_name)
      to = ex.to
      if (to.accessible) {
        return (false)
      }
      else {
        to.accessible = true
        return (true)
      }
    }
  </function>
  
  
  <!--
  Attempts to flag the rooms in the four cardinal directions as accessible, using FlagAdjacentOne.
  Returns true if any one of the four directions gets flagged.
  -->
  <function name="FlagAdjacent" parameters="room" type="boolean">
    return (FlagAdjacentOne(room, "north") or FlagAdjacentOne(room, "south") or FlagAdjacentOne(room, "east") or FlagAdjacentOne(room, "west"))
  </function>
  
  
  
  <!--
  Gets the level of the given object, or 0 if not set..
  -->
  <function name="GetLevel" parameters="obj" type="int">
    if (not HasInt(obj, "level")) return (0)
    return (obj.level)
  </function>
  


  <!--
  Randomly picks one object from the given object list.
  -->
  <function name="PickOneObj" parameters="lst" type="object">
    index = GetRandomInt(0, ListCount(lst) - 1)
    return (ObjectListItem(lst, index))
  </function>
  
  
  <!--
  Randomly picks asubstring of the given string, or a string from a string list. Substrings should be separated by a vertical bar.
  -->
  <function name="PickOneStr" parameters="lst" type="string">
    if (TypeOf(lst) = "string") {
      lst = Split(lst, "|")
    }
    index = GetRandomInt(0, ListCount(lst) - 1)
    return (StringListItem(lst, index))
  </function>
  
  
  <!--
  Randomly picks one of the direct children objects of the given object.
  -->
  <function name="PickFromObject" parameters="obj" type="object">
    return (PickOneObj(GetDirectChildren(obj)))
  </function>
  

  <!--
  Randomly picks one monster from the given room.
  -->
  <function name="PickOneMonster" parameters="room" type="object">
    l = NewObjectList()
    foreach (o, GetDirectChildren(room)) {
      if (DoesInherit(o, "monster")) {
        list add (l, o)
      }
    }
    return (PickOneObj(l))
  </function>
  
  
  <!--
  Clones the given object, putting it in the given room, 
  the object is returned.
  This version sets the original attribute to the object cloned
  -->
  <function name="CloneObjectAndMove" parameters="obj, room" type="object">
    newobject = CloneObject(obj)
    newobject.parent = room
    newobject.original = obj
    return (newobject)
  </function>
  
  <!--
  Deletes all items in the room "dead". Gets called when the player goes to a new level
  of the dungeon. Moving items to dead is therefore a way to get them destroyed
  without the issue of changing a list.
  -->
  <function name="PurgePurgatory">
    sl = NewStringList()
    foreach (o, GetDirectChildren(dead)) {
      list add (sl, o.name)
    }
    foreach (s, sl) {
      destroy (s)
    }
  </function>
  
  
  <!--
  Returns a [[string]] based on the input string, using text substitutions as detailed below.

  Options can be placed inside curly braces, and vertical bar between options, like this:
  "the flowers were {pink|red|yellow}"
  -->
  <function name="Randomise" parameters="s" type="string">
    mylist = Split (s, "{")
    output = StringListItem (mylist, 0)
    list remove (mylist, output)
    count = 0
    foreach (s1, mylist) {
      list1 = Split (s1, "}")
      if (not ListCount (list1) = 2) {
        error ("Unable to parse: " + s)
      }
      s2 = StringListItem (list1, 0)
      list2 = Split (s2, "|")
      pos = GetRandomInt (0, ListCount (list2) - 1)
      extra = StringListItem (list2, pos)
      output = output + extra + StringListItem (list1, 1)
      count = count + 1
    }
    return (output)
  </function>
  
  
  
  <function name="RandomisePlus" parameters="s" type="string">
    s = Randomise(s)
    s = Replace(s, "%gem%", PickOneStr("ruby|sapphire|crystal|amethyst|emerald|diamond|opal|moonstone|chrysoberyl|garnet|jade|onyx|sunstone|topaz|tourmaline|turquoise"))
    s = Replace(s, "%metal%", PickOneStr("electrum|gold|silver|white gold|crown gold|meteorite iron|mithril|adamantine|blood alloy"))
    s = Replace(s, "%stone%", PickOneStr("alabaster|soapstone|chlorite|wonderstone|limestone|onyx|obsidian|marble|moonstone|coral|amber"))
    return (s)
  </function>
  
  
  <function name="Roman" parameters="n" type="string">
    arabic = Split("1000,900,500,400,100,90,50,40,10,9,5,4,1", ",")
    roman = Split("M,CM,D,CD,C,XC,L,XL,X,IX,V,IV,I", ",")
    
    result = ""
    for(i, 0, 12) {
      a = ToInt(StringListItem(arabic, i))
      r = StringListItem(roman, i)
      while (n >= a) {
        result = result + r
        n = n - a
      }
    }
    return (result)
  </function>
  
  
  
  <!--
  Returns a [[string]] from a string list as a nicely formated string, with commas, etc.
  Returns the nothingString if the list is empty.
  -->
  <function name="FormatStringList" parameters="list, nothingString" type="string"><![CDATA[
    if (ListCount (list) = 0) {
      return (nothingString)
    }
    else {
      result = ""
      count = 0
      listLength = ListCount(list)
      foreach (item, list) {
        result = result + item
        count = count + 1
        if (count = listLength - 1) {
          result = result + " and "
        }
        else if (count < listLength) {
          result = result + ", "
        }
      }
      return (Trim (result))
    }
  ]]></function>
  
  

</library>