<?xml version="1.0"?>
<library>


  <!-- =================================================== -->
  <!-- Tabs for Combat -->

  <tab>
    <parent>_ObjectEditor</parent>
    <caption>Combat</caption>
    <mustnotinherit>editor_room; defaultplayer</mustnotinherit>


    <!-- What is it? -->

    <control>
      <controltype>dropdowntypes</controltype>
      <caption>Type</caption>
      <types>*=None; nonattackspell=Non-attack spell; lastingspell=Lasting spell; banishingspell=Banishing spell; attackspell=Attack spell; spell_book=Spellbook; monster=Monster; monsterarcher=Monster with bow; weapon=Weapon;armour=Armour;shield=Shield;potion=Potion;healingpotion=Healing potion;magic_item=Magic item;merchandise=Merchandise</types>
      <width>150</width>
    </control>


    <!-- Spells -->

    <control>
      <controltype>title</controltype>
      <caption>Non-Attack Spell</caption>
      <mustinherit>nonattackspell</mustinherit>
    </control>
    <control>
      <controltype>textbox</controltype>
      <caption>Description (optional)</caption>
      <attribute>description</attribute>
      <mustinherit>nonattackspell</mustinherit>
    </control>
    <control>
      <controltype>script</controltype>
      <caption>Spell effect</caption>
      <attribute>spelleffect</attribute>
      <mustinherit>nonattackspell</mustinherit>
    </control>

    <control>
      <controltype>title</controltype>
      <caption>Lasting Spell</caption>
      <mustinherit>lastingspell</mustinherit>
    </control>
    <control>
      <controltype>textbox</controltype>
      <caption>Description (optional)</caption>
      <attribute>description</attribute>
      <mustinherit>lastingspell</mustinherit>
    </control>
    <control>
      <controltype>textbox</controltype>
      <caption>Status when active</caption>
      <attribute>status</attribute>
      <mustinherit>lastingspell</mustinherit>
    </control>
    <control>
      <controltype>script</controltype>
      <caption>Spell effect</caption>
      <attribute>spelleffect</attribute>
      <mustinherit>lastingspell</mustinherit>
    </control>
    <control>
      <controltype>script</controltype>
      <caption>Cancel spell effect</caption>
      <attribute>terminate</attribute>
      <mustinherit>lastingspell</mustinherit>
    </control>
    <control>
      <controltype>objects</controltype>
      <caption>Special attack</caption>
      <attribute>specialattack</attribute>
      <mustinherit>lastingspell</mustinherit>
      <nullable/>
    </control>
    <control>
      <controltype>checkbox</controltype>
      <caption>Cannot hold anything during effect?</caption>
      <attribute>cannothold</attribute>
      <mustinherit>lastingspell</mustinherit>
      <nullable/>
    </control>
    <control>
      <controltype>number</controltype>
      <caption>Last for (turns)</caption>
      <attribute>lastsfor</attribute>
      <width>100</width>
      <mustinherit>lastingspell</mustinherit>
      <minimum>0</minimum>
    </control>

    <control>
      <controltype>title</controltype>
      <caption>Attack Spell</caption>
      <mustinherit>attackspell</mustinherit>
    </control>
    <control>
      <controltype>textbox</controltype>
      <caption>Description (optional)</caption>
      <attribute>description</attribute>
      <mustinherit>attackspell</mustinherit>
    </control>
    <control>
      <controltype>dropdowntypes</controltype>
      <caption>Element</caption>
      <types>*=None; fire_type=Fire; frost_type=Frost; storm_type=Storm; earthmight_type=Earthmight; shadow_type=Shadow; rainbow_type=Rainbow; necrotic_type=Necrotic; divine_type=Divine; chaos_type=Chaos; law_type=Law; life_type=Life; corruption_type=Corruption</types>
      <width>150</width>
      <mustinherit>attackspell</mustinherit>
    </control>
        
    <control>
      <controltype>textbox</controltype>
      <caption>Description (% will be replaced with the creature name)</caption>
      <attribute>description</attribute>
      <mustinherit>banishingspell</mustinherit>
    </control>
    <control>
      <controltype>textbox</controltype>
      <caption>Target</caption>
      <attribute>target</attribute>
      <mustinherit>banishingspell</mustinherit>
    </control>


    <control>
      <controltype>number</controltype>
      <caption>Level of spell (1-10)</caption>
      <attribute>level</attribute>
      <width>100</width>
      <minimum>0</minimum>
      <maximum>10</maximum>
      <mustinherit>spell</mustinherit>
    </control>


    <!-- Armour -->

    <control>
      <controltype>number</controltype>
      <caption>Protection (0-5)</caption>
      <attribute>level</attribute>
      <width>100</width>
      <mustinherit>armour</mustinherit>
      <minimum>0</minimum>
      <maximum>5</maximum>
    </control>


    <!-- Shield -->

    <control>
      <controltype>number</controltype>
      <caption>Protection (1-3)</caption>
      <attribute>level</attribute>
      <width>100</width>
      <mustinherit>shield</mustinherit>
      <minimum>1</minimum>
      <maximum>3</maximum>
    </control>



    <!-- Potion -->

    <control>
      <controltype>script</controltype>
      <caption>Script to run when the potion is taken</caption>
      <attribute>spelleffect</attribute>
      <mustinherit>potion</mustinherit>
    </control>
    <control>
      <controltype>script</controltype>
      <caption>Script to run when the effect has finished</caption>
      <attribute>terminate</attribute>
      <mustinherit>potion</mustinherit>
    </control>
    <control>
      <controltype>checkbox</controltype>
      <caption>Cannot hold anything during effect?</caption>
      <attribute>cannothold</attribute>
      <mustinherit>potion</mustinherit>
      <nullable/>
    </control>
    <control>
      <controltype>number</controltype>
      <caption>Last for (turns)</caption>
      <attribute>lastsfor</attribute>
      <width>100</width>
      <mustinherit>potion</mustinherit>
      <minimum>0</minimum>
    </control>





    <!-- Magic item -->

    <control>
      <controltype>textbox</controltype>
      <caption>How is this worn (ring, amulet, etc.)</caption>
      <attribute>worn</attribute>
      <mustinherit>magic_item</mustinherit>
    </control>
    <control>
      <controltype>script</controltype>
      <caption>Script to run when the item is worn</caption>
      <attribute>puttingon</attribute>
      <mustinherit>magic_item</mustinherit>
    </control>
    <control>
      <controltype>script</controltype>
      <caption>Script to run when the item in removed</caption>
      <attribute>takingoff</attribute>
      <mustinherit>magic_item</mustinherit>
    </control>








    <!-- Monster -->

    <control>
      <controltype>title</controltype>
      <caption>Monster</caption>
      <mustinherit>monster</mustinherit>
    </control>
    <control>
      <controltype>textbox</controltype>
      <caption>Description on injury from weapon</caption>
      <attribute>hurtbyweapon</attribute>
      <mustinherit>monster</mustinherit>
    </control>
    <control>
      <controltype>textbox</controltype>
      <caption>Description on injury from spell</caption>
      <attribute>hurtbyspell</attribute>
      <mustinherit>monster</mustinherit>
    </control>
    <control>
      <controltype>textbox</controltype>
      <caption>Description on death</caption>
      <attribute>death</attribute>
      <mustinherit>monster</mustinherit>
    </control>
    <control>
      <controltype>textbox</controltype>
      <caption>Description on injury by opposed element spell (optional)</caption>
      <attribute>hurtbyelement</attribute>
      <mustinherit>monster</mustinherit>
    </control>
    <control>
      <controltype>textbox</controltype>
      <caption>Description on death by opposed element spell (optional)</caption>
      <attribute>deathbyelement</attribute>
      <mustinherit>monster</mustinherit>
    </control>
    <control>
      <controltype>textbox</controltype>
      <caption>Description on ignore (optional)</caption>
      <attribute>ignoreselement</attribute>
      <mustinherit>monster</mustinherit>
    </control>
    <control>
      <controltype>textbox</controltype>
      <caption>Look (when dead)</caption>
      <attribute>lookwhendead</attribute>
      <mustinherit>monster</mustinherit>
    </control>
    <control>
      <controltype>number</controltype>
      <caption>Level</caption>
      <attribute>level</attribute>
      <width>100</width>
      <mustinherit>monster</mustinherit>
      <minimum>0</minimum>
    </control>
    <control>
      <controltype>number</controltype>
      <caption>Hit points</caption>
      <attribute>hitpoints</attribute>
      <width>100</width>
      <mustinherit>monster</mustinherit>
      <minimum>1</minimum>
    </control>
    <control>
      <controltype>number</controltype>
      <caption>Defence</caption>
      <attribute>defence</attribute>
      <width>100</width>
      <mustinherit>monster</mustinherit>
      <minimum>0</minimum>
    </control>
    <control>
      <controltype>number</controltype>
      <caption>Armour</caption>
      <attribute>armour</attribute>
      <width>100</width>
      <mustinherit>monster</mustinherit>
      <minimum>0</minimum>
    </control>


    <!-- Weapon -->

    <control>
      <controltype>number</controltype>
      <caption>Attack bonus</caption>
      <attribute>attackbonus</attribute>
      <width>100</width>
      <mustinherit>weapon</mustinherit>
      <minimum>0</minimum>
    </control>
    <control>
      <controltype>number</controltype>
      <caption>Damage Dice No.</caption>
      <attribute>damagedicenumber</attribute>
      <width>100</width>
      <mustinherit>weapon</mustinherit>
      <minimum>1</minimum>
    </control>
    <control>
      <controltype>number</controltype>
      <caption>Damage Dice Sides</caption>
      <attribute>damagedicesides</attribute>
      <width>100</width>
      <mustinherit>weapon</mustinherit>
      <minimum>4</minimum>
    </control>
    <control>
      <controltype>number</controltype>
      <caption>Damage Bonus</caption>
      <attribute>damagebonus</attribute>
      <width>100</width>
      <mustinherit>weapon</mustinherit>
      <minimum>0</minimum>
    </control>
    <control>
      <controltype>dropdowntypes</controltype>
      <caption>Element</caption>
      <types>*=None; fire_type=Fire; frost_type=Frost; storm_type=Storm; earthmight_type=Earthmight; shadow_type=Shadow; rainbow_type=Rainbow; necrotic_type=Necrotic; divine_type=Divine; chaos_type=Chaos; law_type=Law; life_type=Life; corruption_type=Corruption</types>
      <width>150</width>
      <mustinherit>weapon</mustinherit>
    </control>
    <control>
      <controltype>checkbox</controltype>
      <caption>Two-handed (no shield allowed)?</caption>
      <attribute>twohanded</attribute>
      <mustinherit>weapon</mustinherit>
      <mustnotinherit>monster</mustnotinherit>
    </control>
    <control>
      <controltype>checkbox</controltype>
      <caption>Non-weapon attack (do not use "swing" in description)?</caption>
      <attribute>nonweapon</attribute>
      <mustinherit>weapon</mustinherit>
    </control>
    
    
    
    <!-- monster continued -->
    
    <control>
      <controltype>checkbox</controltype>
      <caption>Attack on sight?</caption>
      <attribute>attackonsight</attribute>
      <mustinherit>monster</mustinherit>
    </control>
    <control>
      <controltype>checkbox</controltype>
      <caption>Attack as group?</caption>
      <attribute>attackasgroup</attribute>
      <mustinherit>monster</mustinherit>
    </control>
    <control>
      <controltype>checkbox</controltype>
      <caption>Non-corporeal (immune to normal weapons)?</caption>
      <attribute>noncorporeal</attribute>
      <mustinherit>monster</mustinherit>
    </control>
    <control>
      <controltype>checkbox</controltype>
      <caption>Guarding (blocks locked exits)?</caption>
      <attribute>guarding</attribute>
      <mustinherit>monster</mustinherit>
    </control>
    <control>
      <caption>Movement (free to follow; constrained to one location; constrained and forgets player)</caption>
      <controltype>dropdown</controltype>
      <attribute>movetype</attribute>
      <validvalues type="simplestringlist">Free;Constrained;Forgetful</validvalues>
      <width>200</width>
      <mustinherit>monster</mustinherit>
      <advanced/>
    </control>

    
    <!-- merchandise -->
    
    <control>
      <controltype>number</controltype>
      <caption>Cost</caption>
      <attribute>price</attribute>
      <width>100</width>
      <mustinherit>merchandise</mustinherit>
      <mustnotinherit>monster</mustnotinherit>
      <minimum>0</minimum>
    </control>


  </tab>



  <tab>
    <parent>_ObjectEditor</parent>
    <caption>Shop</caption>
    <mustnotinherit>editor_object; defaultplayer</mustnotinherit>

    <!-- What is it? -->

    <control>
      <controltype>dropdowntypes</controltype>
      <caption>Type</caption>
      <types>*=None; shop_location=Shop</types>
      <width>150</width>
    </control>
    
    <!-- shop -->
    
    <control>
      <controltype>checkbox</controltype>
      <caption>Buys from player (must also have an inventory room set)?</caption>
      <attribute>buys</attribute>
      <mustinherit>shop_location</mustinherit>
    </control>
     
   <control>
     <controltype>objects</controltype>
     <caption>Stock room</caption>
     <attribute>shopstock</attribute>
      <mustinherit>shop_location</mustinherit>
        <nullable/>
   </control>

  </tab>
</library>
